{
  "eval_loss": 8.474660873413086,
  "eval_wer": 1.0895522388059702,
  "eval_cer": 0.7590027700831025,
  "eval_runtime": 0.1691,
  "eval_samples_per_second": 23.659,
  "eval_steps_per_second": 11.829,
  "epoch": 0.5
}